Plotname;Plotid;Corner;Status;Location;Longitude;Latitude;utm_x;utm_y
AEG01;A19557;NE;VIP;Grassland;9.34232597191049;48.3982302380252;525338.81517743;5360620.00661861
AEG01;A19557;NW;VIP;Grassland;9.34164753388951;48.3982302380252;525288.597568593;5360619.78247813
AEG01;A19557;SE;VIP;Grassland;9.34232597191049;48.3977797875748;525339.038875844;5360569.93754302
AEG01;A19557;SW;VIP;Grassland;9.34164753388951;48.3977797875748;525288.820823662;5360569.71340213
AEG02;A39275;NE;VIP;Grassland;9.47312320278034;48.3770824983252;535034.858132401;5358320.89234015
AEG02;A39275;NW;VIP;Grassland;9.47244504661967;48.3770824983252;534984.640679398;5358320.58257334
AEG02;A39275;SE;VIP;Grassland;9.47312320278034;48.3766320478748;535035.167202665;5358270.82354349
AEG02;A39275;SW;VIP;Grassland;9.47244504661967;48.3766320478748;534984.949306636;5358270.51377611
AEG03;A48112;NE;VIP;Grassland;9.53271804185576;48.4091067084252;539423.105591907;5361909.43376555
AEG03;A48112;NW;VIP;Grassland;9.53203945874424;48.4091067084252;539372.888101229;5361909.08477693
AEG03;A48112;SE;VIP;Grassland;9.53271804185576;48.4086562579748;539423.453769285;5361859.36474438
AEG03;A48112;SW;VIP;Grassland;9.53203945874424;48.4086562579748;539373.235835073;5361859.01575512
AEG04;A31160;NE;VIP;Grassland;9.41922822953184;48.3811136801252;531041.483563121;5358745.73727055
AEG04;A31160;NW;VIP;Grassland;9.41855001966816;48.3811136801252;530991.26605579;5358745.46279947
AEG04;A31160;SE;VIP;Grassland;9.41922822953184;48.3806632296748;531041.757442408;5358695.66839615
AEG04;A31160;SW;VIP;Grassland;9.41855001966816;48.3806632296748;530991.539491994;5358695.39392457
AEG05;A34237;NE;VIP;Grassland;9.43953991291428;48.3961010879252;532535.890489892;5360420.05892621
AEG05;A34237;NW;VIP;Grassland;9.43886150328572;48.3961010879252;532485.672955148;5360419.77107873
AEG05;A34237;SE;VIP;Grassland;9.43953991291428;48.3956506374748;532536.177706572;5360369.98993699
AEG05;A34237;SW;VIP;Grassland;9.43886150328572;48.3956506374748;532485.959728508;5360369.70208897
AEG06;A34651;NE;VIP;Grassland;9.44201734853084;48.4014873782252;532715.822381576;5361019.8173191
AEG06;A34651;NW;VIP;Grassland;9.44133886706916;48.4014873782252;532665.604833357;5361019.52782365
AEG06;A34651;SE;VIP;Grassland;9.44201734853084;48.4010369277748;532716.111241565;5360969.748285
AEG06;A34651;SW;VIP;Grassland;9.44133886706916;48.4010369277748;532665.893249942;5360969.45878901
AEG07;A24854;NE;VIP;Grassland;9.37718630521649;48.3916462063252;527922.75977931;5359900.28566261
AEG07;A24854;NW;VIP;Grassland;9.37650795498351;48.3916462063252;527872.54221186;5359900.03869917
AEG07;A24854;SE;VIP;Grassland;9.37718630521649;48.3911957558748;527923.006232857;5359850.21666676
AEG07;A24854;SW;VIP;Grassland;9.37650795498351;48.3911957558748;527872.788222162;5359849.96970286
AEG08;A42131;NE;VIP;Grassland;9.49246397058795;48.4228655099252;536434.332022179;5363418.83919939
AEG08;A42131;NW;VIP;Grassland;9.49178520381205;48.4228655099252;536384.114455218;5363418.51653058
AEG08;A42131;SE;VIP;Grassland;9.49246397058795;48.4224150594748;536434.653958279;5363368.77002182
AEG08;A42131;SW;VIP;Grassland;9.49178520381205;48.4224150594748;536384.435947573;5363368.44735241
AEG09;A43687;NE;VIP;Grassland;9.50313157638104;48.3948961521252;537243.977427199;5360315.08269463
AEG09;A43687;NW;VIP;Grassland;9.50245318281896;48.3948961521252;537193.759949493;5360314.75317435
AEG09;A43687;SE;VIP;Grassland;9.50313157638104;48.3944457016748;537244.306193204;5360265.01376934
AEG09;A43687;SW;VIP;Grassland;9.50245318281896;48.3944457016748;537194.088272189;5360264.68424846
AEG10;A2277;NE;EP;Grassland;9.21293993823964;48.3789380955252;515767.684257542;5358440.91889601
AEG10;A2277;NW;EP;Grassland;9.21226175736036;48.3789380955252;515717.466640497;5358440.77959861
AEG10;A2277;SE;EP;Grassland;9.21293993823964;48.3784876450748;515767.823363653;5358390.84992481
AEG10;A2277;SW;EP;Grassland;9.21226175736036;48.3784876450748;515717.605303572;5358390.71062715
AEG11;A20470;NE;EP;Grassland;9.34805532664547;48.4856240239252;525718.741426813;5370336.10264387
AEG11;A20470;NW;EP;Grassland;9.34737572035453;48.4856240239252;525668.523569511;5370335.87443911
AEG11;A20470;SE;EP;Grassland;9.34805532664547;48.4851735734748;525718.969180472;5370286.0328104
AEG11;A20470;SW;EP;Grassland;9.34737572035453;48.4851735734748;525668.750878453;5370285.80460521
AEG12;A20771;NE;EP;Grassland;9.3505700876941;48.3893473123252;525953.557350654;5359635.39971343
AEG12;A20771;NW;EP;Grassland;9.3498917681059;48.3893473123252;525903.339772541;5359635.17020127
AEG12;A20771;SE;EP;Grassland;9.3505700876941;48.3888968618748;525953.786404536;5359585.33072035
AEG12;A20771;SW;EP;Grassland;9.3498917681059;48.3888968618748;525903.568383217;5359585.10120776
AEG13;A22610;NE;EP;Grassland;9.3625374465295;48.3918731945252;526838.200424586;5359920.28185086
AEG13;A22610;NW;EP;Grassland;9.3618590932705;48.3918731945252;526787.982846808;5359920.0444868
AEG13;A22610;SE;EP;Grassland;9.3625374465295;48.3914227440748;526838.437307195;5359870.21284337
AEG13;A22610;SW;EP;Grassland;9.3618590932705;48.3914227440748;526788.21928617;5359869.97547887
AEG14;A46088;NE;EP;Grassland;9.51900834787249;48.3759852267252;538433.476927509;5358220.91919585
AEG14;A46088;NW;EP;Grassland;9.51833020632751;48.3759852267252;538383.259518107;5358220.57936972
AEG14;A46088;SE;EP;Grassland;9.51900834787249;48.3755347762748;538433.815967955;5358170.85044909
AEG14;A46088;SW;EP;Grassland;9.51833020632751;48.3755347762748;538383.59811554;5358170.51062233
AEG15;A35767;NE;EP;Grassland;9.44899373888265;48.4881070242252;533175.71553781;5370650.94716837
AEG15;A35767;NW;EP;Grassland;9.44831409931735;48.4881070242252;533125.497747242;5370650.65270471
AEG15;A35767;SE;EP;Grassland;9.44899373888265;48.4876565737748;533176.009354954;5370600.877387
AEG15;A35767;SW;EP;Grassland;9.44831409931735;48.4876565737748;533125.791119621;5370600.58292278
AEG16;A36692;NE;EP;Grassland;9.45580038126964;48.4023328652252;533735.409110492;5361119.77318711
AEG16;A36692;NW;EP;Grassland;9.45512188853036;48.4023328652252;533685.191570936;5361119.47465342
AEG16;A36692;SE;EP;Grassland;9.45580038126964;48.4018824147748;533735.706982001;5361069.70415672
AEG16;A36692;SW;EP;Grassland;9.45512188853036;48.4018824147748;533685.488999026;5361069.40562247
AEG17;A46114;NE;EP;Grassland;9.51870810049932;48.3995482638252;538393.51489158;5360839.86740339
AEG17;A46114;NW;EP;Grassland;9.51802964490068;48.3995482638252;538343.297414869;5360839.52764955
AEG17;A46114;SE;EP;Grassland;9.51870810049932;48.3990978133748;538393.853861064;5360789.79845195
AEG17;A46114;SW;EP;Grassland;9.51802964490068;48.3990978133748;538343.63594097;5360789.45869748
AEG18;A46500;NE;EP;Grassland;9.5217815554118;48.3831670927252;538633.40235956;5359020.59720619
AEG18;A46500;NW;EP;Grassland;9.5211033181882;48.3831670927252;538583.184932299;5359020.25552484
AEG18;A46500;SE;EP;Grassland;9.5217815554118;48.3827166422748;538633.743250065;5358970.52839969
AEG18;A46500;SW;EP;Grassland;9.5211033181882;48.3827166422748;538583.525379677;5358970.18671771
AEG19;A35463;NE;EP;Grassland;9.44765779999757;48.3978683652252;533135.648556754;5360619.9762806
AEG19;A35463;NW;EP;Grassland;9.44697936680243;48.3978683652252;533085.43102339;5360619.68310451
AEG19;A35463;SE;EP;Grassland;9.44765779999757;48.3974179147748;533135.941086334;5360569.90728244
AEG19;A35463;SW;EP;Grassland;9.44697936680243;48.3974179147748;533085.723109622;5360569.61410581
AEG20;A21699;NE;EP;Grassland;9.35674191128605;48.4897341083252;526358.485421808;5370795.91548088
AEG20;A21699;NW;EP;Grassland;9.35606224991395;48.4897341083252;526308.267558281;5370795.68156013
AEG20;A21699;SE;EP;Grassland;9.35674191128605;48.4892836578748;526358.718874733;5370745.84561721
AEG20;A21699;SW;EP;Grassland;9.35606224991395;48.4892836578748;526308.500566424;5370745.61169602
AEG21;A21850;NE;EP;Grassland;9.35755881468323;48.4424291094252;526443.407325478;5365538.0269536
AEG21;A21850;NW;EP;Grassland;9.35687978651677;48.4424291094252;526393.189598794;5365537.7926685
AEG21;A21850;SE;EP;Grassland;9.35755881468323;48.4419786589748;526443.641140014;5365487.95750249
AEG21;A21850;SW;EP;Grassland;9.35687978651677;48.4419786589748;526393.422969292;5365487.72321696
AEG22;A45310;NE;EP;Grassland;9.51376230183471;48.4046065390252;538023.669748871;5361399.64401252
AEG22;A45310;NW;EP;Grassland;9.51308377876529;48.4046065390252;537973.452253191;5361399.30747399
AEG22;A45310;SE;EP;Grassland;9.51376230183471;48.4041560885748;538024.0055128;5361349.57501262
AEG22;A45310;SW;EP;Grassland;9.51308377876529;48.4041560885748;537973.787573659;5361349.23847347
AEG23;A45122;NE;EP;Grassland;9.51269341378194;48.4191799208252;537933.719725027;5363018.99392706
AEG23;A45122;NW;EP;Grassland;9.51201469621806;48.4191799208252;537883.502186885;5363018.65801317
AEG23;A45122;SE;EP;Grassland;9.51269341378194;48.4187294703748;537934.054866855;5362968.92479975
AEG23;A45122;SW;EP;Grassland;9.51201469621806;48.4187294703748;537883.836885024;5362968.58888523
AEG24;A42306;NE;EP;Grassland;9.4938314568414;48.3966901026252;536554.259176424;5360510.00710055
AEG24;A42306;NW;EP;Grassland;9.4931530393586;48.3966901026252;536504.041685312;5360509.68366662
AEG24;A42306;SE;EP;Grassland;9.4938314568414;48.3962396521748;536554.581874184;5360459.93815142
AEG24;A42306;SW;EP;Grassland;9.4931530393586;48.3962396521748;536504.363939738;5360459.6147169
AEG25;A7116;NE;EP;Grassland;9.2599357857617;48.3957032263252;519241.2890438;5360315.15267021
AEG25;A7116;NW;EP;Grassland;9.2592573814383;48.3957032263252;519191.071397913;5360314.98253621
AEG25;A7116;SE;EP;Grassland;9.2599357857617;48.3952527758748;519241.458895585;5360265.0835724
AEG25;A7116;SW;EP;Grassland;9.2592573814383;48.3952527758748;519191.240806399;5360264.91343808
AEG26;A28932;NE;EP;Grassland;9.40422102978265;48.3953313850252;529921.951299544;5360320.10925546
AEG26;A28932;NW;EP;Grassland;9.40354263041735;48.3953313850252;529871.733740368;5360319.84455942
AEG26;A28932;SE;EP;Grassland;9.40422102978265;48.3948809345748;529922.215433306;5360270.04024635
AEG26;A28932;SW;EP;Grassland;9.40354263041735;48.3948809345748;529871.997430825;5360269.77554982
AEG27;A40320;NE;EP;Grassland;9.48027101881654;48.4193648623252;535534.694131881;5363024.00131068
AEG27;A40320;NW;EP;Grassland;9.47959229878346;48.4193648623252;535484.476564223;5363023.68665377
AEG27;A40320;SE;EP;Grassland;9.48027101881654;48.4189144118748;535535.00807962;5362973.93215284
AEG27;A40320;SW;EP;Grassland;9.47959229878346;48.4189144118748;535484.790068274;5362973.61749535
AEG28;A42175;NE;EP;Grassland;9.49264298796626;48.4622986926252;536419.374492906;5367802.07871401
AEG28;A42175;NW;EP;Grassland;9.49196369403374;48.4622986926252;536369.156813671;5367801.75573027
AEG28;A42175;SE;EP;Grassland;9.49264298796626;48.4618482421748;536419.696744798;5367752.00919431
AEG28;A42175;SW;EP;Grassland;9.49196369403374;48.4618482421748;536369.4786212;5367751.68620996
AEG29;A22026;NE;EP;Grassland;9.35866400366861;48.4170656320252;526538.345395413;5362719.15880975
AEG29;A22026;NW;EP;Grassland;9.35798531433139;48.4170656320252;526488.127742537;5362718.92389228
AEG29;A22026;SE;EP;Grassland;9.35866400366861;48.4166151815748;526538.579839569;5362669.0895803
AEG29;A22026;SW;EP;Grassland;9.35798531433139;48.4166151815748;526488.361743052;5362668.85466239
AEG30;A36956;NE;EP;Grassland;9.45763739872373;48.4564630316252;533835.418430989;5367137.35579877
AEG30;A36956;NW;EP;Grassland;9.45695818287627;48.4564630316252;533785.200738112;5367137.05580901
AEG30;A36956;SE;EP;Grassland;9.45763739872373;48.4560125811748;533835.717756573;5367087.28629951
AEG30;A36956;SW;EP;Grassland;9.45695818287627;48.4560125811748;533785.499619428;5367086.98630918
AEG31;A37367;NE;EP;Grassland;9.46036408589572;48.4589701590252;534035.339557662;5367417.24260248
AEG31;A37367;NW;EP;Grassland;9.45968483650428;48.4589701590252;533985.121859895;5367416.9408122
AEG31;A37367;SE;EP;Grassland;9.46036408589572;48.4585197085748;534035.640678551;5367367.17308371
AEG31;A37367;SW;EP;Grassland;9.45968483650428;48.4585197085748;533985.422536477;5367366.87129286
AEG32;A41172;NE;EP;Grassland;9.48612101312719;48.4660584891252;535934.574841873;5368216.91399018
AEG32;A41172;NW;EP;Grassland;9.48544166887281;48.4660584891252;535884.357146091;5368216.59526687
AEG32;A41172;SE;EP;Grassland;9.48612101312719;48.4656080386748;535934.892846077;5368166.84443203
AEG32;A41172;SW;EP;Grassland;9.48544166887281;48.4656080386748;535884.674705873;5368166.52570812
AEG33;A41959;NE;EP;Grassland;9.4913907240154;48.4516474673252;536334.399168261;5366617.55481527
AEG33;A41959;NW;EP;Grassland;9.4907115725846;48.4516474673252;536284.181518273;5366617.23270634
AEG33;A41959;SE;EP;Grassland;9.4913907240154;48.4511970168748;536334.720547443;5366567.4853869
AEG33;A41959;SW;EP;Grassland;9.4907115725846;48.4511970168748;536284.502453259;5366567.16327736
AEG34;A43366;NE;EP;Grassland;9.50089767201479;48.4561029081252;537034.119128204;5367117.35132844
AEG34;A43366;NW;EP;Grassland;9.50021846098521;48.4561029081252;536983.901474099;5367117.0229604
AEG34;A43366;SE;EP;Grassland;9.50089767201479;48.4556524576748;537034.446748205;5367067.28186996
AEG34;A43366;SW;EP;Grassland;9.50021846098521;48.4556524576748;536984.228649832;5367066.9535013
AEG35;A11495;NE;EP;Grassland;9.288778496718;48.4811118867252;521340.515206579;5369816.32837332
AEG35;A11495;NW;EP;Grassland;9.288098950882;48.4811118867252;521290.297327694;5369816.13908561
AEG35;A11495;SE;EP;Grassland;9.288778496718;48.4806614362748;521340.704157903;5369766.25854463
AEG35;A11495;SW;EP;Grassland;9.288098950882;48.4806614362748;521290.485834377;5369766.06925657
AEG36;A13124;NE;EP;Grassland;9.29958357996313;48.4783863920252;522140.187955927;5369516.44573077
AEG36;A13124;NW;EP;Grassland;9.29890407063687;48.4783863920252;522089.970090748;5369516.24936042
AEG36;A13124;SE;EP;Grassland;9.29958357996313;48.4779359415748;522140.383968906;5369466.37593166
AEG36;A13124;SW;EP;Grassland;9.29890407063687;48.4779359415748;522090.165659128;5369466.17956094
AEG37;A30361;NE;EP;Grassland;9.41388467924825;48.3963761613252;530636.662023703;5360440.05829686
AEG37;A30361;NW;EP;Grassland;9.41320626595175;48.3963761613252;530586.444468594;5360439.78726289
AEG37;A30361;SE;EP;Grassland;9.41388467924825;48.3959257108748;530636.932476678;5360389.98928571
AEG37;A30361;SW;EP;Grassland;9.41320626595175;48.3959257108748;530586.714478247;5360389.71825124
AEG38;A32042;NE;EP;Grassland;9.42559063020646;48.4397693616252;531476.361021731;5365268.11578902
AEG38;A32042;NW;EP;Grassland;9.42491163759354;48.4397693616252;531426.143350961;5365267.83689499
AEG38;A32042;SE;EP;Grassland;9.42559063020646;48.4393189111748;531476.639313232;5365218.04640923
AEG38;A32042;SW;EP;Grassland;9.42491163759354;48.4393189111748;531426.42119846;5365217.76751467
AEG39;A32195;NE;EP;Grassland;9.42602211966206;48.3944433026252;531536.294895398;5360230.13911154
AEG39;A32195;NW;EP;Grassland;9.42534373213794;48.3944433026252;531486.077354947;5360229.86013094
AEG39;A32195;SE;EP;Grassland;9.42602211966206;48.3939928521748;531536.573271391;5360180.0701263
AEG39;A32195;SW;EP;Grassland;9.42534373213794;48.3939928521748;531486.355287647;5360179.79114518
AEG40;A53417;NE;EP;Grassland;9.56690196126555;48.4100224339252;541952.079426541;5362029.3756589
AEG40;A53417;NW;EP;Grassland;9.56622336593445;48.4100224339252;541901.861967021;5362029.00425535
AEG40;A53417;SE;EP;Grassland;9.56690196126555;48.4095719834748;541952.449952557;5361979.30666347
AEG40;A53417;SW;EP;Grassland;9.56622336593445;48.4095719834748;541902.232049484;5361978.93525923
AEG41;A28088;NE;EP;Grassland;9.39882516584921;48.3701698331252;529537.084424352;5357521.23498261
AEG41;A28088;NW;EP;Grassland;9.39814710175079;48.3701698331252;529486.86693362;5357520.97392514
AEG41;A28088;SE;EP;Grassland;9.39882516584921;48.3697193826748;529537.344929359;5357471.16618865
AEG41;A28088;SW;EP;Grassland;9.39814710175079;48.3697193826748;529487.126995717;5357470.90513071
AEG42;A24657;NE;EP;Grassland;9.37635714380086;48.3982137968252;527857.792212465;5360629.99281691
AEG42;A24657;NW;EP;Grassland;9.37567870599914;48.3982137968252;527807.574625552;5360629.74637172
AEG42;A24657;SE;EP;Grassland;9.37635714380086;48.3977633463748;527858.038149538;5360579.9237633
AEG42;A24657;SW;EP;Grassland;9.37567870599914;48.3977633463748;527807.820119277;5360579.67731765
AEG43;A49542;NE;EP;Grassland;9.54235664625913;48.4136480723252;540132.821571334;5362419.22621659
AEG43;A49542;NW;EP;Grassland;9.54167800254087;48.4136480723252;540082.604077071;5362418.87088423
AEG43;A49542;SE;EP;Grassland;9.54235664625913;48.4131976218748;540133.176073899;5362369.15716534
AEG43;A49542;SW;EP;Grassland;9.54167800254087;48.4131976218748;540082.958136029;5362368.80183232
AEG44;A33605;NE;EP;Grassland;9.43533598756336;48.3782210184252;532235.995799049;5358430.85909255
AEG44;A33605;NW;EP;Grassland;9.43465781623664;48.3782210184252;532185.778312261;5358430.57407959
AEG44;A33605;SE;EP;Grassland;9.43533598756336;48.3777705679748;532236.280188867;5358380.79025554
AEG44;A33605;SW;EP;Grassland;9.43465781623664;48.3777705679748;532186.06225904;5358380.50524205
AEG45;A37099;NE;EP;Grassland;9.45829194930556;48.4015585586252;533920.33329962;5361034.80659364
AEG45;A37099;NW;EP;Grassland;9.45761346689444;48.4015585586252;533870.115764318;5361034.50643039
AEG45;A37099;SE;EP;Grassland;9.45829194930556;48.4011081081748;533920.632795825;5360984.73757201
AEG45;A37099;SW;EP;Grassland;9.45761346689444;48.4011081081748;533870.414817116;5360984.43740821
AEG46;A33626;NE;EP;Grassland;9.43522801261877;48.3971966483252;532216.021400386;5360540.01198659
AEG46;A33626;NW;EP;Grassland;9.43454958838123;48.3971966483252;532165.80385913;5360539.72696031
AEG46;A33626;SE;EP;Grassland;9.43522801261877;48.3967461978748;532216.305804254;5360489.94298447
AEG46;A33626;SW;EP;Grassland;9.43454958838123;48.3967461978748;532166.087819661;5360489.65795767
AEG47;A35283;NE;EP;Grassland;9.44649656962492;48.4194559957252;533035.709049205;5363019.01306676
AEG47;A35283;NW;EP;Grassland;9.44581784837508;48.4194559957252;532985.491453104;5363018.7205537
AEG47;A35283;SE;EP;Grassland;9.44649656962492;48.4190055452748;533036.000918617;5362968.94388001
AEG47;A35283;SW;EP;Grassland;9.44581784837508;48.4190055452748;532985.782878829;5362968.65136641
AEG48;A43134;NE;EP;Grassland;9.49900905389582;48.4220728949252;536919.134413018;5363333.87142824
AEG48;A43134;NW;EP;Grassland;9.49833029770419;48.4220728949252;536868.916854165;5363333.54447189
AEG48;A43134;SE;EP;Grassland;9.49900905389582;48.4216224444748;536919.460623933;5363283.80226338
AEG48;A43134;SW;EP;Grassland;9.49833029770419;48.4216224444748;536869.242621347;5363283.47530643
AEG49;A43953;NE;EP;Grassland;9.50496238131151;48.4569844246252;537333.998162848;5367217.31000869
AEG49;A43953;NW;EP;Grassland;9.50428315848848;48.4569844246252;537283.780509954;5367216.97896954
AEG49;A43953;SE;EP;Grassland;9.50496238131151;48.4565339741748;537334.328446102;5367167.24054627
AEG49;A43953;SW;EP;Grassland;9.50428315848848;48.4565339741748;537284.110348926;5367166.9095065
AEG50;A38525;NE;EP;Grassland;9.46798800493666;48.4058810979252;534635.047038622;5361519.6090748
AEG50;A38525;NW;EP;Grassland;9.46730946486334;48.4058810979252;534584.829499011;5361519.30253549
AEG50;A38525;SE;EP;Grassland;9.46798800493666;48.4054306474748;534635.352892194;5361469.54002364
AEG50;A38525;SW;EP;Grassland;9.46730946486334;48.4054306474748;534585.134909107;5361469.23348377
AEW01;A18422;NE;VIP;Forest;9.33508967014752;48.4785236154504;524764.131778409;5369542.58003829
AEW01;A18422;NW;VIP;Forest;9.33373065385248;48.4785236154504;524663.69653401;5369542.14114394
AEW01;A18422;SE;VIP;Forest;9.33508967014752;48.4776227145495;524764.57026678;5369442.44048278
AEW01;A18422;SW;VIP;Forest;9.33373065385248;48.4776227145495;524664.133243979;5369442.00158677
AEW02;A20965;NE;VIP;Forest;9.35212883999987;48.3804409269504;526073.504140163;5358645.95663565
AEW02;A20965;NW;VIP;Forest;9.35077244420013;48.3804409269504;525973.069481195;5358645.49607856
AEW02;A20965;SE;VIP;Forest;9.35212883999987;48.3795400260496;526073.964218996;5358545.81881057
AEW02;A20965;SW;VIP;Forest;9.35077244420013;48.3795400260496;525973.527787774;5358545.3582518
AEW03;A21613;NE;VIP;Forest;9.35626941223144;48.4127129521504;526363.414759807;5362234.51566735
AEW03;A21613;NW;VIP;Forest;9.35491215576856;48.4127129521504;526262.979920503;5362234.04945074
AEW03;A21613;SE;VIP;Forest;9.35626941223144;48.4118120512496;526363.880484165;5362134.37728514
AEW03;A21613;SW;VIP;Forest;9.35491215576856;48.4118120512496;526263.443870583;5362133.9110668
AEW04;A5276;NE;VIP;Forest;9.24550579550601;48.3995490985504;518171.76549154;5360739.11166686
AEW04;A5276;NW;VIP;Forest;9.24414889029399;48.3995490985504;518071.330608796;5360738.79074018
AEW04;A5276;SE;VIP;Forest;9.24550579550601;48.3986481976496;518172.086354927;5360638.973395
AEW04;A5276;SW;VIP;Forest;9.24414889029399;48.3986481976496;518071.64969876;5360638.65246713
AEW05;A30591;NE;VIP;Forest;9.41536052212621;48.4200689186504;530731.628272725;5363074.18082203
AEW05;A30591;NW;VIP;Forest;9.41400306927379;48.4200689186504;530631.193473162;5363073.6370667
AEW05;A30591;SE;VIP;Forest;9.41536052212621;48.4191680177496;530732.171307106;5362974.04239358
AEW05;A30591;SW;VIP;Forest;9.41400306927379;48.4191680177496;530631.734732785;5362973.49863622
AEW06;A35255;NE;VIP;Forest;9.4466150928007;48.3945017686504;533060.648688879;5360245.31805885
AEW06;A35255;NW;VIP;Forest;9.4452583221993;48.3945017686504;532960.214083806;5360244.73355132
AEW06;A35255;SE;VIP;Forest;9.4466150928007;48.3936008677496;533061.232352388;5360145.18012332
AEW06;A35255;SW;VIP;Forest;9.4452583221993;48.3936008677496;532960.795974146;5360144.59561362
AEW07;A7321;NE;VIP;Forest;9.26203439596293;48.3966888607504;519396.260185202;5360425.23841268
AEW07;A7321;NW;VIP;Forest;9.26067756703707;48.3966888607504;519295.825333977;5360424.89583477
AEW07;A7321;SE;VIP;Forest;9.26203439596293;48.3957879598496;519396.602635506;5360325.10020573
AEW07;A7321;SW;VIP;Forest;9.26067756703707;48.3957879598496;519296.166011034;5360324.75762656
AEW08;A25660;NE;VIP;Forest;9.38306272542907;48.3830400012504;528362.56682363;5358945.83743851
AEW08;A25660;NW;VIP;Forest;9.38170626037093;48.3830400012504;528262.132190177;5358945.33632305
AEW08;A25660;SE;VIP;Forest;9.38306272542907;48.3821391003496;528363.067340918;5358845.69960855
AEW08;A25660;SW;VIP;Forest;9.38170626037093;48.3821391003496;528262.630935038;5358845.19849126
AEW09;A30535;NE;VIP;Forest;9.4158956794247;48.3697962141504;530801.553421019;5357486.42481161
AEW09;A30535;NW;VIP;Forest;9.4145395671753;48.3697962141504;530701.118910077;5357485.88077926
AEW09;A30535;SE;VIP;Forest;9.4158956794247;48.3688953132495;530802.096726835;5357386.28725873
AEW09;A30535;SW;VIP;Forest;9.4145395671753;48.3688953132495;530701.660444282;5357385.74322438
AEW10;A27281;NE;EP;Forest;9.39382594424434;48.3782373745504;529162.234139409;5358416.05061875
AEW10;A27281;NW;EP;Forest;9.39246960715566;48.3782373745504;529061.799548378;5358415.53543615
AEW10;A27281;SE;EP;Forest;9.39382594424434;48.3773364736496;529162.748681743;5358315.91288728
AEW10;A27281;SW;EP;Forest;9.39246960715566;48.3773364736496;529062.312318581;5358315.39770278
AEW11;A16193;NE;EP;Forest;9.32043197813591;48.4920456016504;523674.59149114;5371040.97772561
AEW11;A16193;NW;EP;Forest;9.31907259946409;48.4920456016504;523574.156151273;5371040.55798122
AEW11;A16193;SE;EP;Forest;9.32043197813591;48.4911447007496;523675.010887148;5370940.83791683
AEW11;A16193;SW;EP;Forest;9.31907259946409;48.4911447007496;523574.573768033;5370940.41817085
AEW12;A5863;NE;EP;Forest;9.25204390916754;48.3699120863505;518666.535168277;5357446.43430154
AEW12;A5863;NW;EP;Forest;9.25068779383246;48.3699120863505;518566.10046275;5357446.10495583
AEW12;A5863;SE;EP;Forest;9.25204390916754;48.3690111854496;518666.8644237;5357346.29655293
AEW12;A5863;SW;EP;Forest;9.25068779383246;48.3690111854496;518566.427946604;5357345.96720601
AEW13;A28098;NE;EP;Forest;9.39935589020508;48.3793604256505;529571.067330347;5358542.99985354
AEW13;A28098;NW;EP;Forest;9.39799952319492;48.3793604256505;529470.632740673;5358542.47741517
AEW13;A28098;SE;EP;Forest;9.39935589020508;48.3784595247496;529571.589107059;5358442.86211029
AEW13;A28098;SW;EP;Forest;9.39799952319492;48.3784595247496;529471.152745182;5358442.33967
AEW14;A18920;NE;EP;Forest;9.33843772090822;48.3760124905504;525061.915353252;5358149.15560733
AEW14;A18920;NW;EP;Forest;9.33708144309178;48.3760124905504;524961.480702969;5358148.7130225
AEW14;A18920;SE;EP;Forest;9.33843772090822;48.3751115896496;525062.357512704;5358049.01784267
AEW14;A18920;SW;EP;Forest;9.33708144309178;48.3751115896496;524961.921090448;5358048.57525622
AEW15;A29334;NE;EP;Forest;9.40718890188944;48.3899177299505;530144.841479828;5359719.52767799
AEW15;A29334;NW;EP;Forest;9.40583225351056;48.3899177299505;530044.4068409;5359718.9948874
AEW15;A29334;SE;EP;Forest;9.40718890188944;48.3890168290496;530145.373579076;5359619.3897622
AEW15;A29334;SW;EP;Forest;9.40583225351056;48.3890168290496;530044.937167281;5359618.85696965
AEW16;A35042;NE;EP;Forest;9.44533066847486;48.3865929126504;532970.678364766;5359365.67126193
AEW16;A35042;NW;EP;Forest;9.44397410872514;48.3865929126504;532870.243802821;5359365.08850957
AEW16;A35042;SE;EP;Forest;9.44533066847486;48.3856920117496;532971.260277512;5359265.53346186
AEW16;A35042;SW;EP;Forest;9.44397410872514;48.3856920117496;532870.823942894;5359264.95070735
AEW17;A5149;NE;EP;Forest;9.24367001279935;48.3969090703505;518036.818464606;5360445.22961711
AEW17;A5149;NW;EP;Forest;9.24231317800065;48.3969090703505;517936.383595532;5360444.91110987
AEW17;A5149;SE;EP;Forest;9.24367001279935;48.3960081694496;518037.13691552;5360345.09138973
AEW17;A5149;SW;EP;Forest;9.24231317800065;48.3960081694496;517936.700273189;5360344.77288132
AEW18;A4246;NE;EP;Forest;9.23447739169818;48.3654527204504;517367.064527833;5356946.63428913
AEW18;A4246;NW;EP;Forest;9.23312139510182;48.3654527204504;517266.629832987;5356946.32798091
AEW18;A4246;SE;EP;Forest;9.23447739169818;48.3645518195496;517367.370813736;5356846.49660328
AEW18;A4246;SW;EP;Forest;9.23312139510182;48.3645518195496;517266.934347604;5356846.19029395
AEW19;A14961;NE;EP;Forest;9.31186334732478;48.4846950169505;523044.843251065;5370221.30651471
AEW19;A14961;NW;EP;Forest;9.31050416567522;48.4846950169505;522944.40794361;5370220.89806512
AEW19;A14961;SE;EP;Forest;9.31186334732478;48.4837941160496;523045.251385003;5370121.16682414
AEW19;A14961;SW;EP;Forest;9.31050416567522;48.4837941160496;522944.814298765;5370120.758373
AEW20;A16058;NE;EP;Forest;9.31939756951754;48.3705542065504;523654.488120606;5357536.40092791
AEW20;A16058;NW;EP;Forest;9.31804143708246;48.3705542065504;523554.053479549;5357535.98332827
AEW20;A16058;SE;EP;Forest;9.31939756951754;48.3696533056496;523654.905368468;5357436.26323624
AEW20;A16058;SW;EP;Forest;9.31804143708246;48.3696533056496;523554.468955785;5357435.84563506
AEW21;A16389;NE;EP;Forest;9.32187455516547;48.4848473172504;523784.539731003;5370241.29890952
AEW21;A16389;NW;EP;Forest;9.32051536943453;48.4848473172504;523684.104434298;5370240.87731833
AEW21;A16389;SE;EP;Forest;9.32187455516547;48.4839464163495;523784.960967783;5370141.1592279
AEW21;A16389;SW;EP;Forest;9.32051536943453;48.4839464163495;523684.523892283;5370140.73763512
AEW22;A36262;NE;EP;Forest;9.45331636946738;48.3827576876505;533564.431097487;5358942.84136616
AEW22;A36262;NW;EP;Forest;9.45195991193262;48.3827576876505;533463.996570221;5358942.24818288
AEW22;A36262;SE;EP;Forest;9.45331636946738;48.3818567867496;533565.023409876;5358842.70364552
AEW22;A36262;SW;EP;Forest;9.45195991193262;48.3818567867496;533464.587110174;5358842.11046006
AEW23;A41483;NE;EP;Forest;9.48865356693379;48.3862821867504;536178.361255941;5359350.67893049
AEW23;A41483;NW;EP;Forest;9.48729701546621;48.3862821867504;536077.926767869;5359350.03940093
AEW23;A41483;SE;EP;Forest;9.48865356693379;48.3853812858496;536178.999777702;5359250.54120781
AEW23;A41483;SW;EP;Forest;9.48729701546621;48.3853812858496;536078.563516958;5359249.90167589
AEW24;A12513;NE;EP;Forest;9.29546461972198;48.4794325029504;521835.334941127;5369631.54267179
AEW24;A12513;NW;EP;Forest;9.29410557907802;48.4794325029504;521734.89964578;5369631.15577844
AEW24;A12513;SE;EP;Forest;9.29546461972198;48.4785316020496;521835.72158202;5369531.40305477
AEW24;A12513;SW;EP;Forest;9.29410557907802;48.4785316020496;521735.284508224;5369531.01615996
AEW25;A31470;NE;EP;Forest;9.4216361957228;48.4763416514505;531161.503510917;5369331.66824032
AEW25;A31470;NW;EP;Forest;9.4202772378772;48.4763416514505;531061.068398854;5369331.11577421
AEW25;A31470;SE;EP;Forest;9.4216361957228;48.4754407505496;531162.055235707;5369231.52884246
AEW25;A31470;SW;EP;Forest;9.4202772378772;48.4754407505496;531061.618345349;5369230.97637425
AEW26;A34057;NE;EP;Forest;9.43884972134761;48.4179133634504;532470.912279532;5362844.2740626
AEW26;A34057;NW;EP;Forest;9.4374923260524;48.4179133634504;532370.477528393;5362843.69952508
AEW26;A34057;SE;EP;Forest;9.43884972134761;48.4170124625496;532471.486004843;5362744.13570769
AEW26;A34057;SW;EP;Forest;9.4374923260524;48.4170124625496;532371.049479071;5362743.56116803
AEW27;A39499;NE;EP;Forest;9.47502996912978;48.4006830621504;535159.79262193;5360945.03814501
AEW27;A39499;NW;EP;Forest;9.47367303367022;48.4006830621504;535059.358028419;5360944.41633189
AEW27;A39499;SE;EP;Forest;9.47502996912978;48.3997821612496;535160.413481217;5360844.90014879
AEW27;A39499;SW;EP;Forest;9.47367303367022;48.3997821612496;535059.977114138;5360844.27833337
AEW28;A13956;NE;EP;Forest;9.30568960631705;48.4928051170504;522585.039472837;5371120.94499275
AEW28;A13956;NW;EP;Forest;9.30433020728295;48.4928051170504;522484.604111641;5371120.54459653
AEW28;A13956;SE;EP;Forest;9.30568960631705;48.4919042161496;522585.439577793;5371020.80515379
AEW28;A13956;SW;EP;Forest;9.30433020728295;48.4919042161496;522485.002437306;5371020.40475605
AEW29;A21785;NE;EP;Forest;9.35728446921562;48.3841121616504;526453.351578907;5359055.79225549
AEW29;A21785;NW;EP;Forest;9.35592797558438;48.3841121616504;526352.916905333;5359055.32491545
AEW29;A21785;SE;EP;Forest;9.35728446921562;48.3832112607496;526453.818420916;5358955.65437293
AEW29;A21785;SW;EP;Forest;9.35592797558438;48.3832112607496;526353.381974856;5358955.18703118
AEW30;A24017;NE;EP;Forest;9.37205544813464;48.3731838159504;527552.89016777;5357846.2785772
AEW30;A24017;NW;EP;Forest;9.37069924566536;48.3731838159504;527452.45557614;5357845.79196163
AEW30;A24017;SE;EP;Forest;9.37205544813464;48.3722829150495;527553.376227259;5357746.14090416
AEW30;A24017;SW;EP;Forest;9.37069924566536;48.3722829150495;527452.939863823;5357745.6542868
AEW31;A6692;NE;EP;Forest;9.25750170702106;48.3815908956505;519066.381746856;5358745.91263914
AEW31;A6692;NW;EP;Forest;9.25614528057894;48.3815908956505;518965.946978724;5358745.57608143
AEW31;A6692;SE;EP;Forest;9.25750170702106;48.3806899947496;519066.718193726;5358645.77469156
AEW31;A6692;SW;EP;Forest;9.25614528057894;48.3806899947496;518966.281653293;5358645.43813261
AEW32;A23243;NE;EP;Forest;9.3670634536755;48.4109703686504;527163.08487655;5362044.59236941
AEW32;A23243;NW;EP;Forest;9.3657062437245;48.4109703686504;527062.65006127;5362044.11201336
AEW32;A23243;SE;EP;Forest;9.3670634536755;48.4100694677496;527163.564698368;5361944.45403155
AEW32;A23243;SW;EP;Forest;9.3657062437245;48.4100694677496;527063.128108917;5361943.97367372
AEW33;A41892;NE;EP;Forest;9.49114875191314;48.3916223995504;536359.291878262;5359945.44018384
AEW33;A41892;NW;EP;Forest;9.48979205808686;48.3916223995504;536258.857364166;5359944.7973307
AEW33;A41892;SE;EP;Forest;9.49114875191314;48.3907214986496;536359.93371433;5359845.30237278
AEW33;A41892;SW;EP;Forest;9.48979205808686;48.3907214986496;536259.497427226;5359844.65951726
AEW34;A42708;NE;EP;Forest;9.49654960640412;48.3915992192504;536759.127718577;5359945.44038518
AEW34;A42708;NW;EP;Forest;9.49519291319588;48.3915992192504;536658.693214134;5359944.79045315
AEW34;A42708;SE;EP;Forest;9.49654960640412;48.3906983183496;536759.776612568;5359845.30258402
AEW34;A42708;SW;EP;Forest;9.49519291319588;48.3906983183496;536659.340335117;5359844.65264959
AEW35;A30620;NE;EP;Forest;9.41584379415702;48.4461466496504;530751.64401405;5365973.01673898
AEW35;A30620;NW;EP;Forest;9.41448564444298;48.4461466496504;530651.209065934;5365972.47212981
AEW35;A30620;SE;EP;Forest;9.41584379415702;48.4452457487496;530752.187902219;5365872.87785755
AEW35;A30620;SW;EP;Forest;9.41448564444298;48.4452457487496;530651.751177708;5365872.33324633
AEW36;A3271;NE;EP;Forest;9.22374845317798;48.3808521076504;516567.406934557;5358655.94736241
AEW36;A3271;NW;EP;Forest;9.22239204642202;48.3808521076504;516466.972141844;5358655.65504085
AEW36;A3271;SE;EP;Forest;9.22374845317798;48.3799512067495;516567.699276275;5358555.80939888
AEW36;A3271;SW;EP;Forest;9.22239204642202;48.3799512067495;516467.262711315;5358555.51707624
AEW37;A34233;NE;EP;Forest;9.43984651477097;48.3925493834504;532560.852072829;5360025.40610882
AEW37;A34233;NW;EP;Forest;9.43848979622903;48.3925493834504;532460.417468195;5360024.83049087
AEW37;A34233;SE;EP;Forest;9.43984651477097;48.3916484825496;532561.426872874;5359925.26819653
AEW37;A34233;SW;EP;Forest;9.43848979622903;48.3916484825496;532460.990495195;5359924.69257646
AEW38;A35243;NE;EP;Forest;9.44611317619002;48.3834423306505;533030.650854376;5359015.81178475
AEW38;A35243;NW;EP;Forest;9.44475670040998;48.3834423306505;532930.216311667;5359015.22803538
AEW38;A35243;SE;EP;Forest;9.44611317619002;48.3825414297496;533031.233760865;5358915.6740407
AEW38;A35243;SW;EP;Forest;9.44475670040998;48.3825414297496;532930.79744568;5358915.09028918
AEW39;A4506;NE;EP;Forest;9.23722676672105;48.3762386865504;517566.992354595;5358146.15266727
AEW39;A4506;NW;EP;Forest;9.23587048287895;48.3762386865504;517466.557599617;5358145.84270511
AEW39;A4506;SE;EP;Forest;9.23722676672105;48.3753377856496;517567.302284334;5358046.01479534
AEW39;A4506;SW;EP;Forest;9.23587048287895;48.3753377856496;517466.865757395;5358045.70483205
AEW40;A20690;NE;EP;Forest;9.35011640159054;48.5000526844504;525863.700180028;5371940.61769072
AEW40;A20690;NW;EP;Forest;9.34875680820946;48.5000526844504;525763.264830684;5371940.15892151
AEW40;A20690;SE;EP;Forest;9.35011640159054;48.4991517835496;525864.158486436;5371840.47777897
AEW40;A20690;SW;EP;Forest;9.34875680820946;48.4991517835496;525763.721357333;5371840.01900802
AEW41;A28898;NE;EP;Forest;9.40481604234259;48.3648625882505;529983.884557588;5356933.64637768
AEW41;A28898;NW;EP;Forest;9.40346006145741;48.3648625882505;529883.450058799;5356933.11690324
AEW41;A28898;SE;EP;Forest;9.40481604234259;48.3639616873496;529984.413348173;5356833.50889458
AEW41;A28898;SW;EP;Forest;9.40346006145741;48.3639616873496;529883.977078087;5356832.9794182
AEW42;A36277;NE;EP;Forest;9.45338498662701;48.3965436800504;533560.445386604;5360475.22599147
AEW42;A36277;NW;EP;Forest;9.45202816157299;48.3965436800504;533460.010780758;5360474.63259124
AEW42;A36277;SE;EP;Forest;9.45338498662701;48.3956427791496;533561.037916684;5360375.0880313
AEW42;A36277;SW;EP;Forest;9.45202816157299;48.3956427791496;533460.601537538;5360374.49462888
AEW43;A25044;NE;EP;Forest;9.37898662388036;48.3795462293504;528062.686723667;5358555.99383839
AEW43;A25044;NW;EP;Forest;9.37763025191964;48.3795462293504;527962.252104745;5358555.49809171
AEW43;A25044;SE;EP;Forest;9.37898662388036;48.3786453284496;528063.181887784;5358455.85606377
AEW43;A25044;SW;EP;Forest;9.37763025191964;48.3786453284496;527962.745496655;5358455.36031526
AEW44;A3277;NE;EP;Forest;9.2237717750777;48.3861579207504;516567.411802741;5359245.71050701
AEW44;A3277;NW;EP;Forest;9.22241522692229;48.3861579207504;516466.976979323;5359245.41813083
AEW44;A3277;SE;EP;Forest;9.2237717750777;48.3852570198496;516567.704199255;5359145.57245083
AEW44;A3277;SW;EP;Forest;9.22241522692229;48.3852570198496;516467.267603258;5359145.28007358
AEW45;A43486;NE;EP;Forest;9.5019318577184;48.3896873361504;537158.961826192;5359735.52488065
AEW45;A43486;NW;EP;Forest;9.5005752154816;48.3896873361504;537058.527342207;5359734.86791338
AEW45;A43486;SE;EP;Forest;9.5019318577184;48.3887864352496;537159.617734381;5359635.38712225
AEW45;A43486;SW;EP;Forest;9.5005752154816;48.3887864352496;537059.181477505;5359634.73015257
AEW46;A22196;NE;EP;Forest;9.36000297105738;48.3867116556504;526653.27188916;5359345.67595041
AEW46;A22196;NW;EP;Forest;9.35864640814262;48.3867116556504;526552.837204113;5359345.20502864
AEW46;A22196;SE;EP;Forest;9.36000297105738;48.3858107547496;526653.742302519;5359245.53802603
AEW46;A22196;SW;EP;Forest;9.35864640814262;48.3858107547496;526553.305844823;5359245.06710253
AEW47;A29568;NE;EP;Forest;9.4085820066901;48.4171524917504;530231.830772688;5362747.3118116
AEW47;A29568;NW;EP;Forest;9.4072246317099;48.4171524917504;530131.39597978;5362746.7769691
AEW47;A29568;SE;EP;Forest;9.4085820066901;48.4162515908496;530232.364920322;5362647.17342387
AEW47;A29568;SW;EP;Forest;9.4072246317099;48.4162515908496;530131.92835284;5362646.63857938
AEW48;A39288;NE;EP;Forest;9.47343501124138;48.3889088174504;535049.826951152;5359635.56394979
AEW48;A39288;NW;EP;Forest;9.47207838975862;48.3889088174504;534949.392422022;5359634.94434082
AEW48;A39288;SE;EP;Forest;9.47343501124138;48.3880079165496;535050.445611595;5359535.42615543
AEW48;A39288;SW;EP;Forest;9.47207838975862;48.3880079165496;534950.009309635;5359534.80654417
AEW49;A39748;NE;EP;Forest;9.47707335877883;48.4458192030504;535279.784814428;5365963.02314428
AEW49;A39748;NW;EP;Forest;9.47571521782117;48.4458192030504;535179.349967327;5365962.39821505
AEW49;A39748;SE;EP;Forest;9.47707335877883;48.4449183021495;535280.408785303;5365862.88436752
AEW49;A39748;SW;EP;Forest;9.47571521782117;48.4449183021495;535179.972161803;5365862.25943595
AEW50;A6296;NE;EP;Forest;9.25512670031406;48.3925676181504;518886.465682945;5359965.42278189
AEW50;A6296;NW;EP;Forest;9.25376998128594;48.3925676181504;518786.030849175;5359965.08927981
AEW50;A6296;SE;EP;Forest;9.25512670031406;48.3916667172496;518886.79908401;5359865.28464051
AEW50;A6296;SW;EP;Forest;9.25376998128594;48.3916667172496;518786.362477252;5359864.9511372
